Workbook

Sheet Config
A1: Label | B1: Value | D1: ScoreLabel | E1: ScoreValue | G1: CriterionID | H1: CriterionName
A2: A is overwhelmingly more important | B2: 9 | D2: 1 - Very Poor Fit | E2: 1 | G2: 7584e9ca-c27d-464d-af8a-8aef08588e65 | H2: Business Criticality
A3: A is much more important | B3: 7 | D3: 2 - Poor Fit | E3: 2 | G3: 0a1f7d7e-86c9-4f2e-960c-4b13e16b64bb | H3: Agentic Ambition
A4: A is clearly more important | B4: 5 | D4: 3 - Moderate Fit | E4: 3 | G4: acc8d6cf-59bc-481f-8191-badd26cfd225 | H4: System Complexity
A5: A is slightly more important | B5: 3 | D5: 4 - Good Fit | E5: 4 | G5: 9305e238-2507-4f7e-acfb-3f15389545db | H5: Vendor Dependency Risk
A6: Equal importance | B6: 1 | D6: 5 - Excellent Fit | E6: 5 | G6: 2eb3826c-0f6d-4d57-baac-034f22cb8a5e | H6: Governance and Compliance Need
A7: B is slightly more important | B7: 0.333333 | G7: 570b565c-33d7-4ea6-b67a-bbde9a49a4fd | H7: Data and IP Sensitivity
A8: B is clearly more important | B8: 0.2 | G8: 3ae3514c-9778-4eb7-9c93-1578e5c6b556 | H8: Model Flexibility Requirement
A9: B is much more important | B9: 0.142857 | G9: 6c9723af-a153-4f3c-a15a-4055c7f43829 | H9: Cost Control Pressure
A10: B is overwhelmingly more important | B10: 0.111111 | G10: fddcb7bb-66e0-491f-85ae-8bb67c2670c6 | H10: Internal Capability Readiness
G11: ee3fa8fb-0c85-4ae1-a3ce-e7f2f4d3c4e5 | H11: Speed to Implementation

Sheet Welcome
A1: AlphaAlign
A2: Strategic AI Architecture Assessment
A4: Assessment | B4: Simple Survey Test
A5: Company | B5: Demo Corp
A6: Generated | B6: June 20, 2026 at 16:56
A7: Comparisons Required | B7: 45
A9: YOUR PROGRESS
A10: Pairwise Comparisons | B10: =COUNTA('Pairwise Survey'!E5:E49) & " of 45 completed" | C10: =REPT(CHAR(9608),ROUND(COUNTA('Pairwise Survey'!E5:E49)/45*20,0))&REPT(CHAR(9617),20-ROUND(COUNTA('Pairwise Survey'!E5:E49)/45*20,0))
A12: YOUR INFORMATION
A13: Name
A14: Role
A15: Email
A16: Department
A18: HOW TO COMPLETE THIS SURVEY
A19: Step 1: | B19: Fill in your name, role, and email above.
A20: Step 2: | B20: Go to the 'Pairwise Survey' tab. For each pair of criteria, pick your judgement from the dropdown.
A21: Step 3: | B21: (Optional) Go to the 'Comments' tab to add any observations.
A22: Step 4: | B22: Save the file and return it to the assessment coordinator.
A24: That's it! | B24: You only need to answer the dropdown questions — no numbers, no math, no technical knowledge required.
B25: The progress bar above updates automatically as you go.
A27: Tip: | B27: If unsure about a comparison, just pick "Equal importance" — you can always revisit later.
A29: CRITERIA BEING EVALUATED
A30: 1. Business Criticality | B30: How critical is AI to core business operations, revenue, and competitive advantage?
A31: 2. Agentic Ambition | B31: To what extent does the company plan to deploy autonomous AI agents across business processes?
A32: 3. System Complexity | B32: How many systems (ERP, CRM, data platforms, legacy) must AI interact with?
A33: 4. Vendor Dependency Risk | B33: How concerned is the company about over-dependence on a single vendor ecosystem?
A34: 5. Governance and Compliance Need | B34: How important are regulatory compliance, auditability, and AI governance controls?
A35: 6. Data and IP Sensitivity | B35: How sensitive is the data and intellectual property involved in AI workflows?
A36: 7. Model Flexibility Requirement | B36: How important is the ability to switch between AI models and providers?
A37: 8. Cost Control Pressure | B37: How strongly does the company need to control and optimize AI-related costs?
A38: 9. Internal Capability Readiness | B38: Does the company have the internal talent, skills, and maturity to operate independent AI?
A39: 10. Speed to Implementation | B39: How quickly must AI capabilities be deployed and operational?

Sheet Pairwise Survey
A1: Pairwise Criteria Comparison
A2: For each pair, select which criterion is more important to your organization's AI strategy.
A3: Tip: Just pick from the dropdown -- no numbers needed. If you're unsure, choose "Equal importance".
A4: # | B4: Criterion A | C4: compared to | D4: Criterion B | E4: Your Judgement | F4: Saaty Value | G4: ID_A | H4: ID_B
A5: 1 | B5: Business Criticality | C5: compared to | D5: Agentic Ambition | F5: =IF(E5="","",VLOOKUP(E5,Config!$A$2:$B$10,2,FALSE)) | G5: 7584e9ca-c27d-464d-af8a-8aef08588e65 | H5: 0a1f7d7e-86c9-4f2e-960c-4b13e16b64bb
A6: 2 | B6: Business Criticality | C6: compared to | D6: System Complexity | F6: =IF(E6="","",VLOOKUP(E6,Config!$A$2:$B$10,2,FALSE)) | G6: 7584e9ca-c27d-464d-af8a-8aef08588e65 | H6: acc8d6cf-59bc-481f-8191-badd26cfd225
A7: 3 | B7: Business Criticality | C7: compared to | D7: Vendor Dependency Risk | F7: =IF(E7="","",VLOOKUP(E7,Config!$A$2:$B$10,2,FALSE)) | G7: 7584e9ca-c27d-464d-af8a-8aef08588e65 | H7: 9305e238-2507-4f7e-acfb-3f15389545db
A8: 4 | B8: Business Criticality | C8: compared to | D8: Governance and Compliance Need | F8: =IF(E8="","",VLOOKUP(E8,Config!$A$2:$B$10,2,FALSE)) | G8: 7584e9ca-c27d-464d-af8a-8aef08588e65 | H8: 2eb3826c-0f6d-4d57-baac-034f22cb8a5e
A9: 5 | B9: Business Criticality | C9: compared to | D9: Data and IP Sensitivity | F9: =IF(E9="","",VLOOKUP(E9,Config!$A$2:$B$10,2,FALSE)) | G9: 7584e9ca-c27d-464d-af8a-8aef08588e65 | H9: 570b565c-33d7-4ea6-b67a-bbde9a49a4fd
A10: 6 | B10: Business Criticality | C10: compared to | D10: Model Flexibility Requirement | F10: =IF(E10="","",VLOOKUP(E10,Config!$A$2:$B$10,2,FALSE)) | G10: 7584e9ca-c27d-464d-af8a-8aef08588e65 | H10: 3ae3514c-9778-4eb7-9c93-1578e5c6b556
A11: 7 | B11: Business Criticality | C11: compared to | D11: Cost Control Pressure | F11: =IF(E11="","",VLOOKUP(E11,Config!$A$2:$B$10,2,FALSE)) | G11: 7584e9ca-c27d-464d-af8a-8aef08588e65 | H11: 6c9723af-a153-4f3c-a15a-4055c7f43829
A12: 8 | B12: Business Criticality | C12: compared to | D12: Internal Capability Readiness | F12: =IF(E12="","",VLOOKUP(E12,Config!$A$2:$B$10,2,FALSE)) | G12: 7584e9ca-c27d-464d-af8a-8aef08588e65 | H12: fddcb7bb-66e0-491f-85ae-8bb67c2670c6
A13: 9 | B13: Business Criticality | C13: compared to | D13: Speed to Implementation | F13: =IF(E13="","",VLOOKUP(E13,Config!$A$2:$B$10,2,FALSE)) | G13: 7584e9ca-c27d-464d-af8a-8aef08588e65 | H13: ee3fa8fb-0c85-4ae1-a3ce-e7f2f4d3c4e5
A14: 10 | B14: Agentic Ambition | C14: compared to | D14: System Complexity | F14: =IF(E14="","",VLOOKUP(E14,Config!$A$2:$B$10,2,FALSE)) | G14: 0a1f7d7e-86c9-4f2e-960c-4b13e16b64bb | H14: acc8d6cf-59bc-481f-8191-badd26cfd225
A15: 11 | B15: Agentic Ambition | C15: compared to | D15: Vendor Dependency Risk | F15: =IF(E15="","",VLOOKUP(E15,Config!$A$2:$B$10,2,FALSE)) | G15: 0a1f7d7e-86c9-4f2e-960c-4b13e16b64bb | H15: 9305e238-2507-4f7e-acfb-3f15389545db
A16: 12 | B16: Agentic Ambition | C16: compared to | D16: Governance and Compliance Need | F16: =IF(E16="","",VLOOKUP(E16,Config!$A$2:$B$10,2,FALSE)) | G16: 0a1f7d7e-86c9-4f2e-960c-4b13e16b64bb | H16: 2eb3826c-0f6d-4d57-baac-034f22cb8a5e
... A49: 45 | B49: Internal Capability Readiness | C49: compared to | D49: Speed to Implementation | F49: =IF(E49="","",VLOOKUP(E49,Config!$A$2:$B$10,2,FALSE)) | G49: fddcb7bb-66e0-491f-85ae-8bb67c2670c6 | H49: ee3fa8fb-0c85-4ae1-a3ce-e7f2f4d3c4e5

Sheet Comments
A1: Comments and Observations
A3: Please enter any additional observations, concerns, or strategic context below:

Sheet Matrix
A1: Auto-Generated Pairwise Matrix (Do Not Edit)
A3: Criterion A / B | B3: Business Criticality | C3: Agentic Ambition | D3: System Complexity | E3: Vendor Dependency Risk | F3: Governance and Compliance Need | G3: Data and IP Sensitivity | H3: Model Flexibility Requirement | I3: Cost Control Pressure | J3: Internal Capability Readiness | K3: Speed to Implementation
A4: Business Criticality | B4: 1 | C4: =IF('Pairwise Survey'!F5="","", 'Pairwise Survey'!F5) | D4: =IF('Pairwise Survey'!F6="","", 'Pairwise Survey'!F6) | E4: =IF('Pairwise Survey'!F7="","", 'Pairwise Survey'!F7) | F4: =IF('Pairwise Survey'!F8="","", 'Pairwise Survey'!F8) | G4: =IF('Pairwise Survey'!F9="","", 'Pairwise Survey'!F9) | H4: =IF('Pairwise Survey'!F10="","", 'Pairwise Survey'!F10) | I4: =IF('Pairwise Survey'!F11="","", 'Pairwise Survey'!F11) | J4: =IF('Pairwise Survey'!F12="","", 'Pairwise Survey'!F12) | K4: =IF('Pairwise Survey'!F13="","", 'Pairwise Survey'!F13)
A5: Agentic Ambition | B5: =IF(C4="","",1/C4) | C5: 1 | D5: =IF('Pairwise Survey'!F14="","", 'Pairwise Survey'!F14) | E5: =IF('Pairwise Survey'!F15="","", 'Pairwise Survey'!F15) | F5: =IF('Pairwise Survey'!F16="","", 'Pairwise Survey'!F16) | G5: =IF('Pairwise Survey'!F17="","", 'Pairwise Survey'!F17) | H5: =IF('Pairwise Survey'!F18="","", 'Pairwise Survey'!F18) | I5: =IF('Pairwise Survey'!F19="","", 'Pairwise Survey'!F19) | J5: =IF('Pairwise Survey'!F20="","", 'Pairwise Survey'!F20) | K5: =IF('Pairwise Survey'!F21="","", 'Pairwise Survey'!F21)
A6: System Complexity | B6: =IF(D4="","",1/D4) | C6: =IF(D5="","",1/D5) | D6: 1 | E6: =IF('Pairwise Survey'!F22="","", 'Pairwise Survey'!F22) | F6: =IF('Pairwise Survey'!F23="","", 'Pairwise Survey'!F23) | G6: =IF('Pairwise Survey'!F24="","", 'Pairwise Survey'!F24) | H6: =IF('Pairwise Survey'!F25="","", 'Pairwise Survey'!F25) | I6: =IF('Pairwise Survey'!F26="","", 'Pairwise Survey'!F26) | J6: =IF('Pairwise Survey'!F27="","", 'Pairwise Survey'!F27) | K6: =IF('Pairwise Survey'!F28="","", 'Pairwise Survey'!F28)
A7: Vendor Dependency Risk | B7: =IF(E4="","",1/E4) | C7: =IF(E5="","",1/E5) | D7: =IF(E6="","",1/E6) | E7: 1 | F7: =IF('Pairwise Survey'!F29="","", 'Pairwise Survey'!F29) | G7: =IF('Pairwise Survey'!F30="","", 'Pairwise Survey'!F30) | H7: =IF('Pairwise Survey'!F31="","", 'Pairwise Survey'!F31) | I7: =IF('Pairwise Survey'!F32="","", 'Pairwise Survey'!F32) | J7: =IF('Pairwise Survey'!F33="","", 'Pairwise Survey'!F33) | K7: =IF('Pairwise Survey'!F34="","", 'Pairwise Survey'!F34)
A8: Governance and Compliance Need | B8: =IF(F4="","",1/F4) | C8: =IF(F5="","",1/F5) | D8: =IF(F6="","",1/F6) | E8: =IF(F7="","",1/F7) | F8: 1 | G8: =IF('Pairwise Survey'!F35="","", 'Pairwise Survey'!F35) | H8: =IF('Pairwise Survey'!F36="","", 'Pairwise Survey'!F36) | I8: =IF('Pairwise Survey'!F37="","", 'Pairwise Survey'!F37) | J8: =IF('Pairwise Survey'!F38="","", 'Pairwise Survey'!F38) | K8: =IF('Pairwise Survey'!F39="","", 'Pairwise Survey'!F39)
A9: Data and IP Sensitivity | B9: =IF(G4="","",1/G4) | C9: =IF(G5="","",1/G5) | D9: =IF(G6="","",1/G6) | E9: =IF(G7="","",1/G7) | F9: =IF(G8="","",1/G8) | G9: 1 | H9: =IF('Pairwise Survey'!F40="","", 'Pairwise Survey'!F40) | I9: =IF('Pairwise Survey'!F41="","", 'Pairwise Survey'!F41) | J9: =IF('Pairwise Survey'!F42="","", 'Pairwise Survey'!F42) | K9: =IF('Pairwise Survey'!F43="","", 'Pairwise Survey'!F43)
A10: Model Flexibility Requirement | B10: =IF(H4="","",1/H4) | C10: =IF(H5="","",1/H5) | D10: =IF(H6="","",1/H6) | E10: =IF(H7="","",1/H7) | F10: =IF(H8="","",1/H8) | G10: =IF(H9="","",1/H9) | H10: 1 | I10: =IF('Pairwise Survey'!F44="","", 'Pairwise Survey'!F44) | J10: =IF('Pairwise Survey'!F45="","", 'Pairwise Survey'!F45) | K10: =IF('Pairwise Survey'!F46="","", 'Pairwise Survey'!F46)
A11: Cost Control Pressure | B11: =IF(I4="","",1/I4) | C11: =IF(I5="","",1/I5) | D11: =IF(I6="","",1/I6) | E11: =IF(I7="","",1/I7) | F11: =IF(I8="","",1/I8) | G11: =IF(I9="","",1/I9) | H11: =IF(I10="","",1/I10) | I11: 1 | J11: =IF('Pairwise Survey'!F47="","", 'Pairwise Survey'!F47) | K11: =IF('Pairwise Survey'!F48="","", 'Pairwise Survey'!F48)
A12: Internal Capability Readiness | B12: =IF(J4="","",1/J4) | C12: =IF(J5="","",1/J5) | D12: =IF(J6="","",1/J6) | E12: =IF(J7="","",1/J7) | F12: =IF(J8="","",1/J8) | G12: =IF(J9="","",1/J9) | H12: =IF(J10="","",1/J10) | I12: =IF(J11="","",1/J11) | J12: 1 | K12: =IF('Pairwise Survey'!F49="","", 'Pairwise Survey'!F49)
A13: Speed to Implementation | B13: =IF(K4="","",1/K4) | C13: =IF(K5="","",1/K5) | D13: =IF(K6="","",1/K6) | E13: =IF(K7="","",1/K7) | F13: =IF(K8="","",1/K8) | G13: =IF(K9="","",1/K9) | H13: =IF(K10="","",1/K10) | I13: =IF(K11="","",1/K11) | J13: =IF(K12="","",1/K12) | K13: 1

Sheet Metadata
A1: Metadata (Do Not Edit)
A3: Project ID | B3: 4cd902c3-a677-4b0e-af68-ca07d4b3f091
A4: Project Name | B4: Simple Survey Test
A5: Company Name | B5: Demo Corp
A6: Generated At | B6: 2026-06-20T16:56:23.900690
A7: Criteria Count | B7: 10
A8: Template Version | B8: 2.0
A9: Format | B9: question-per-row
A10: Application | B10: AlphaAlign
A12: Criteria
A13: 7584e9ca-c27d-464d-af8a-8aef08588e65 | B13: Business Criticality
A14: 0a1f7d7e-86c9-4f2e-960c-4b13e16b64bb | B14: Agentic Ambition
A15: acc8d6cf-59bc-481f-8191-badd26cfd225 | B15: System Complexity
A16: 9305e238-2507-4f7e-acfb-3f15389545db | B16: Vendor Dependency Risk
A17: 2eb3826c-0f6d-4d57-baac-034f22cb8a5e | B17: Governance and Compliance Need
A18: 570b565c-33d7-4ea6-b67a-bbde9a49a4fd | B18: Data and IP Sensitivity
A19: 3ae3514c-9778-4eb7-9c93-1578e5c6b556 | B19: Model Flexibility Requirement
A20: 6c9723af-a153-4f3c-a15a-4055c7f43829 | B20: Cost Control Pressure
A21: fddcb7bb-66e0-491f-85ae-8bb67c2670c6 | B21: Internal Capability Readiness
A22: ee3fa8fb-0c85-4ae1-a3ce-e7f2f4d3c4e5 | B22: Speed to Implementation
